{
  "model_ref": "Outlier-Ai/Outlier-10B",
  "layer_idx": 8,
  "n_experts": 8,
  "strict_roundtrip_ok": true,
  "hybrid_roundtrip_ok": true,
  "strict_demo_bits_per_weight": 1.25,
  "strict_demo_payload_bytes": 160,
  "hybrid_sample_bits_per_weight": 1.5587158203125,
  "hybrid_sample_payload_bytes": 3193,
  "sample_expert": {
    "expert_idx": 0,
    "numel": 203685888,
    "groups": 50921472,
    "exact_one_zero_groups_after_pct": 0.20190997228045568,
    "multi_zero_groups_after_pct": 0.7980900277195443,
    "tq10_payload_bytes": 40737180,
    "tq10_total_bytes": 40737186,
    "tq10_bits_per_weight": 1.6000000942627897,
    "sherry_ideal_bits_per_weight": 1.25,
    "sherry_ideal_payload_bytes": 31825920,
    "sherry_ideal_total_bytes": 31825926,
    "hybrid_bits_per_weight": 1.560311105107095,
    "hybrid_payload_bytes": 39726670,
    "hybrid_total_bytes": 39726676,
    "ideal_size_ratio_vs_tq10": 0.781249986191977,
    "hybrid_size_ratio_vs_tq10": 0.9751944083717515,
    "ideal_reduction_pct_vs_tq10": 0.21875001380802295,
    "hybrid_reduction_pct_vs_tq10": 0.02480559162824847,
    "hybrid_group_histogram": {
      "0": 0,
      "1": 10281553,
      "2": 18098576,
      "3": 16727288,
      "4": 5814055
    }
  },
  "layer_8_average": {
    "exact_one_zero_groups_after_pct": 0.2019255035478943,
    "multi_zero_groups_after_pct": 0.7980744964521057,
    "tq10_bits_per_weight": 1.6000000942627894,
    "sherry_ideal_bits_per_weight": 1.25,
    "hybrid_bits_per_weight": 1.5603003520302794,
    "ideal_size_ratio_vs_tq10": 0.7812499861919769,
    "hybrid_size_ratio_vs_tq10": 0.975187679261891,
    "ideal_reduction_pct_vs_tq10": 0.21875001380802295,
    "hybrid_reduction_pct_vs_tq10": 0.02481232073810892
  },
  "layer_8_totals": {
    "tq10_total_bytes": 325897488,
    "sherry_ideal_total_bytes": 254607408,
    "hybrid_total_bytes": 317811215,
    "tq10_total_mib": 310.80006408691406,
    "sherry_ideal_total_mib": 242.8125457763672,
    "hybrid_total_mib": 303.08839321136475
  },
  "all_layers_estimate": {
    "num_hidden_layers": 28,
    "tq10_total_bytes": 9125129664,
    "sherry_ideal_total_bytes": 7129007424,
    "hybrid_total_bytes": 8898714020
  },
  "engine_expert_store_estimate": {
    "current_tq10_bytes": 9125128320,
    "current_tq10_mib": 8702.400512695312,
    "sherry_ideal_bytes": 7129006374,
    "sherry_ideal_mib": 6798.750280380249,
    "hybrid_bytes": 8898712709,
    "hybrid_mib": 8486.473759651184,
    "hybrid_bytes_saved": 226415611,
    "projected_150b_hybrid_bytes_saved": 3396234165
  },
  "per_expert": [
    {
      "expert_idx": 0,
      "numel": 203685888,
      "groups": 50921472,
      "exact_one_zero_groups_after_pct": 0.20190997228045568,
      "multi_zero_groups_after_pct": 0.7980900277195443,
      "tq10_payload_bytes": 40737180,
      "tq10_total_bytes": 40737186,
      "tq10_bits_per_weight": 1.6000000942627897,
      "sherry_ideal_bits_per_weight": 1.25,
      "sherry_ideal_payload_bytes": 31825920,
      "sherry_ideal_total_bytes": 31825926,
      "hybrid_bits_per_weight": 1.560311105107095,
      "hybrid_payload_bytes": 39726670,
      "hybrid_total_bytes": 39726676,
      "ideal_size_ratio_vs_tq10": 0.781249986191977,
      "hybrid_size_ratio_vs_tq10": 0.9751944083717515,
      "ideal_reduction_pct_vs_tq10": 0.21875001380802295,
      "hybrid_reduction_pct_vs_tq10": 0.02480559162824847,
      "hybrid_group_histogram": {
        "0": 0,
        "1": 10281553,
        "2": 18098576,
        "3": 16727288,
        "4": 5814055
      }
    },
    {
      "expert_idx": 1,
      "numel": 203685888,
      "groups": 50921472,
      "exact_one_zero_groups_after_pct": 0.20187912085495094,
      "multi_zero_groups_after_pct": 0.798120879145049,
      "tq10_payload_bytes": 40737180,
      "tq10_total_bytes": 40737186,
      "tq10_bits_per_weight": 1.6000000942627897,
      "sherry_ideal_bits_per_weight": 1.25,
      "sherry_ideal_payload_bytes": 31825920,
      "sherry_ideal_total_bytes": 31825926,
      "hybrid_bits_per_weight": 1.5602668997864004,
      "hybrid_payload_bytes": 39725544,
      "hybrid_total_bytes": 39725550,
      "ideal_size_ratio_vs_tq10": 0.781249986191977,
      "hybrid_size_ratio_vs_tq10": 0.9751667677782162,
      "ideal_reduction_pct_vs_tq10": 0.21875001380802295,
      "hybrid_reduction_pct_vs_tq10": 0.024833232221783796,
      "hybrid_group_histogram": {
        "0": 0,
        "1": 10279982,
        "2": 18091003,
        "3": 16735001,
        "4": 5815486
      }
    },
    {
      "expert_idx": 2,
      "numel": 203685888,
      "groups": 50921472,
      "exact_one_zero_groups_after_pct": 0.20187574310499115,
      "multi_zero_groups_after_pct": 0.7981242568950089,
      "tq10_payload_bytes": 40737180,
      "tq10_total_bytes": 40737186,
      "tq10_bits_per_weight": 1.6000000942627897,
      "sherry_ideal_bits_per_weight": 1.25,
      "sherry_ideal_payload_bytes": 31825920,
      "sherry_ideal_total_bytes": 31825926,
      "hybrid_bits_per_weight": 1.560334435147515,
      "hybrid_payload_bytes": 39727264,
      "hybrid_total_bytes": 39727270,
      "ideal_size_ratio_vs_tq10": 0.781249986191977,
      "hybrid_size_ratio_vs_tq10": 0.9752089896440074,
      "ideal_reduction_pct_vs_tq10": 0.21875001380802295,
      "hybrid_reduction_pct_vs_tq10": 0.024791010355992626,
      "hybrid_group_histogram": {
        "0": 0,
        "1": 10279810,
        "2": 18101017,
        "3": 16728901,
        "4": 5811744
      }
    },
    {
      "expert_idx": 3,
      "numel": 203685888,
      "groups": 50921472,
      "exact_one_zero_groups_after_pct": 0.2019533920779038,
      "multi_zero_groups_after_pct": 0.7980466079220963,
      "tq10_payload_bytes": 40737180,
      "tq10_total_bytes": 40737186,
      "tq10_bits_per_weight": 1.6000000942627897,
      "sherry_ideal_bits_per_weight": 1.25,
      "sherry_ideal_payload_bytes": 31825920,
      "sherry_ideal_total_bytes": 31825926,
      "hybrid_bits_per_weight": 1.5602950313376645,
      "hybrid_payload_bytes": 39726260,
      "hybrid_total_bytes": 39726266,
      "ideal_size_ratio_vs_tq10": 0.781249986191977,
      "hybrid_size_ratio_vs_tq10": 0.9751843438572315,
      "ideal_reduction_pct_vs_tq10": 0.21875001380802295,
      "hybrid_reduction_pct_vs_tq10": 0.024815656142768483,
      "hybrid_group_histogram": {
        "0": 0,
        "1": 10283764,
        "2": 18094834,
        "3": 16729287,
        "4": 5813587
      }
    },
    {
      "expert_idx": 4,
      "numel": 203685888,
      "groups": 50921472,
      "exact_one_zero_groups_after_pct": 0.2019846755411941,
      "multi_zero_groups_after_pct": 0.7980153244588059,
      "tq10_payload_bytes": 40737180,
      "tq10_total_bytes": 40737186,
      "tq10_bits_per_weight": 1.6000000942627897,
      "sherry_ideal_bits_per_weight": 1.25,
      "sherry_ideal_payload_bytes": 31825920,
      "sherry_ideal_total_bytes": 31825926,
      "hybrid_bits_per_weight": 1.5603127890725548,
      "hybrid_payload_bytes": 39726712,
      "hybrid_total_bytes": 39726718,
      "ideal_size_ratio_vs_tq10": 0.781249986191977,
      "hybrid_size_ratio_vs_tq10": 0.9751954393707999,
      "ideal_reduction_pct_vs_tq10": 0.21875001380802295,
      "hybrid_reduction_pct_vs_tq10": 0.024804560629200112,
      "hybrid_group_histogram": {
        "0": 0,
        "1": 10285357,
        "2": 18095677,
        "3": 16729625,
        "4": 5810813
      }
    },
    {
      "expert_idx": 5,
      "numel": 203685888,
      "groups": 50921472,
      "exact_one_zero_groups_after_pct": 0.2018436152042109,
      "multi_zero_groups_after_pct": 0.7981563847957891,
      "tq10_payload_bytes": 40737180,
      "tq10_total_bytes": 40737186,
      "tq10_bits_per_weight": 1.6000000942627897,
      "sherry_ideal_bits_per_weight": 1.25,
      "sherry_ideal_payload_bytes": 31825920,
      "sherry_ideal_total_bytes": 31825926,
      "hybrid_bits_per_weight": 1.5603173991121073,
      "hybrid_payload_bytes": 39726830,
      "hybrid_total_bytes": 39726836,