{
  "0": {
    "0": 1.0,
    "1": 1.0,
    "2": 0.998217761516571,
    "3": 0.9998703002929688,
    "4": 1.0,
    "5": 1.0,
    "6": 1.0,
    "7": 0.998931884765625
  },
  "1": {
    "0": 1.0,
    "1": 0.949859619140625,
    "2": 0.971875011920929,
    "3": 1.0,
    "4": 1.0,
    "5": 0.9690673351287842,
    "6": 1.0,
    "7": 1.0
  },
  "2": {
    "0": 0.9073241353034973,
    "1": 0.8595702648162842,
    "2": 1.0,
    "3": 1.0,
    "4": 1.0,
    "5": 0.9051269888877869,
    "6": 1.0,
    "7": 1.0
  },
  "3": {
    "0": 0.9987121820449829,
    "1": 1.0,
    "2": 1.0,
    "3": 1.0,
    "4": 0.994873046875,
    "5": 1.0,
    "6": 1.0,
    "7": 1.0
  },
  "4": {
    "0": 0.9509766101837158,
    "1": 0.9998553395271301,
    "2": 1.0,
    "3": 0.9701507687568665,
    "4": 1.0,
    "5": 0.994799792766571,
    "6": 1.0,
    "7": 0.9797424674034119
  },
  "5": {
    "0": 0.989880383014679,
    "1": 0.9983581304550171,
    "2": 1.0,
    "3": 0.9938446283340454,
    "4": 0.9781494736671448,
    "5": 1.0,
    "6": 0.9971069097518921,
    "7": 0.9406692981719971
  },
  "6": {
    "0": 0.9969009160995483,
    "1": 0.9994335174560547,
    "2": 1.0,
    "3": 0.9993709921836853,
    "4": 1.0,
    "5": 1.0,
    "6": 1.0,
    "7": 0.999621570110321
  },
  "7": {
    "0": 0.9943496584892273,
    "1": 0.997694194316864,
    "2": 0.9999683499336243,
    "3": 0.9910346865653992,
    "4": 0.99839848279953,
    "5": 1.0,
    "6": 0.9996389746665955,
    "7": 0.9947601556777954
  },
  "8": {
    "0": 0.9962211847305298,
    "1": 1.0,
    "2": 0.9999046325683594,
    "3": 0.9948387145996094,
    "4": 0.9996476173400879,
    "5": 1.0,
    "6": 0.9998626708984375,
    "7": 0.9980224370956421
  },
  "9": {
    "0": 1.0,
    "1": 0.9998611807823181,
    "2": 0.983062744140625,
    "3": 0.9990295171737671,
    "4": 0.999774158000946,
    "5": 0.9997497797012329,
    "6": 0.98626708984375,
    "7": 1.0
  },
  "10": {
    "0": 0.9998642206192017,
    "1": 0.998455822467804,
    "2": 0.9982970952987671,
    "3": 1.0,
    "4": 0.9943504929542542,
    "5": 0.9977871179580688,
    "6": 0.9914444088935852,
    "7": 0.9995666742324829
  },
  "11": {
    "0": 1.0,
    "1": 1.0,
    "2": 0.9968628287315369,
    "3": 1.0,
    "4": 0.9968046545982361,
    "5": 1.0,
    "6": 0.9970687627792358,
    "7": 0.9994598627090454
  },
  "12": {
    "0": 1.0,
    "1": 0.9993950128555298,
    "2": 1.0,
    "3": 1.0,
    "4": 0.9998863339424133,
    "5": 1.0,
    "6": 1.0,
    "7": 0.9997466802597046
  },
  "13": {
    "0": 0.9998453259468079,
    "1": 0.9991388916969299,
    "2": 1.0,
    "3": 1.0,
    "4": 1.0,
    "5": 0.9982936978340149,
    "6": 0.9998487830162048,
    "7": 0.9990295171737671
  },
  "14": {
    "0": 1.0,
    "1": 0.9994983673095703,
    "2": 1.0,
    "3": 0.999493420124054,
    "4": 0.999240517616272,
    "5": 0.9997802972793579,
    "6": 0.9983459711074829,
    "7": 1.0
  },
  "15": {
    "0": 0.9988376498222351,
    "1": 1.0,
    "2": 0.9988319277763367,
    "3": 1.0,
    "4": 0.9998230338096619,
    "5": 0.9998985528945923,
    "6": 1.0,
    "7": 0.9996436834335327
  },
  "16": {
    "0": 0.9961913824081421,
    "1": 1.0,
    "2": 0.9965271353721619,
    "3": 0.9988541007041931,
    "4": 0.9998363852500916,
    "5": 0.9999855756759644,
    "6": 0.9940219521522522,
    "7": 1.0
  },
  "17": {
    "0": 0.9996719360351562,
    "1": 1.0,
    "2": 1.0,
    "3": 1.0,
    "4": 1.0,
    "5": 0.9996204972267151,
    "6": 0.9999862909317017,
    "7": 1.0
  },
  "18": {
    "0": 1.0,
    "1": 1.0,
    "2": 1.0,
    "3": 1.0,
    "4": 1.0,
    "5": 0.9999626278877258,
    "6": 0.9997299313545227,
    "7": 0.9996200799942017
  },
  "19": {
    "0": 0.9991455078125,
    "1": 1.0,
    "2": 1.0,
    "3": 0.9999912977218628,
    "4": 0.9977017045021057,
    "5": 1.0,
    "6": 0.9995151162147522,
    "7": 0.9995132684707642
  },
  "20": {
    "0": 0.997937023639679,
    "1": 0.9998031854629517,
    "2": 0.9998214840888977,
    "3": 0.9995490908622742,
    "4": 0.9998798370361328,
    "5": 0.998944103717804,
    "6": 1.0,
    "7": 0.9998664855957031
  },
  "21": {
    "0": 0.9998329281806946,
    "1": 0.9995769262313843,
    "2": 1.0,
    "3": 0.9999023675918579,
    "4": 1.0,
    "5": 1.0,
    "6": 1.0,
    "7": 0.9989479184150696
  },
  "22": {
    "0": 0.9954467415809631,
    "1": 0.9999209642410278,
    "2": 0.996551513671875,
    "3": 1.0,
    "4": 1.0,
    "5": 0.9998995065689087,
    "6": 0.9885833859443665,
    "7": 0.9985275268554688
  },
  "23": {
    "0": 0.9998070001602173,
    "1": 1.0,
    "2": 1.0,
    "3": 0.9978578090667725,
    "4": 0.9999750256538391,
    "5": 0.9980911612510681,
    "6": 0.9999984502792358,
    "7": 1.0
  },
  "24": {
    "0": 0.9995277523994446,
    "1": 1.0,
    "2": 0.9999706149101257,
    "3": 1.0,
    "4": 0.9998191595077515,
    "5": 0.9987061023712158,
    "6": 1.0,
    "7": 0.9985259771347046
  },
  "25": {
    "0": 1.0,
    "1": 1.0,
    "2": 1.0,
    "3": 1.0,
    "4": 1.0,
    "5": 0.999676525592804,
    "6": 0.998913586139679,
    "7": 0.99493408203125
  },
  "26": {
    "0": 1.0,
    "1": 0.9991123676300049,
    "2": 1.0,
    "3": 1.0,
    "4": 1.0,
    "5": 0.9944137334823608,
    "6": 0.9948974251747131,
    "7": 1.0
  },
  "27": {
    "0": 0.9999288320541382,
    "1": 0.9784179925918579,
    "2": 0.9965202212333679,
    "3": 1.0,
    "4": 0.987744152545929,
    "5": 0.9942871332168579,
    "6": 1.0,
    "7": 1.0
  },
  "__meta__": {
    "n_moe_layers": 28,
    "n_experts": 8,
    "label": "coding"
  }
}