{
  "0": {
    "0": 0.999432384967804,
    "1": 0.9996291995048523,
    "2": 1.0,
    "3": 0.999468982219696,
    "4": 1.0,
    "5": 1.0,
    "6": 0.9998931884765625,
    "7": 1.0
  },
  "1": {
    "0": 1.0,
    "1": 0.9979614019393921,
    "2": 0.995166003704071,
    "3": 1.0,
    "4": 1.0,
    "5": 1.0,
    "6": 1.0,
    "7": 1.0
  },
  "2": {
    "0": 0.9334350824356079,
    "1": 0.9268066883087158,
    "2": 0.997326672077179,
    "3": 1.0,
    "4": 1.0,
    "5": 0.9954773187637329,
    "6": 1.0,
    "7": 1.0
  },
  "3": {
    "0": 0.979931652545929,
    "1": 1.0,
    "2": 1.0,
    "3": 1.0,
    "4": 0.996386706829071,
    "5": 1.0,
    "6": 0.9932616949081421,
    "7": 1.0
  },
  "4": {
    "0": 0.9991607666015625,
    "1": 1.0,
    "2": 1.0,
    "3": 0.997998058795929,
    "4": 1.0,
    "5": 0.9982544183731079,
    "6": 1.0,
    "7": 0.9991699457168579
  },
  "5": {
    "0": 0.9818145632743835,
    "1": 0.9989898204803467,
    "2": 1.0,
    "3": 0.9988769292831421,
    "4": 0.9790893197059631,
    "5": 1.0,
    "6": 0.99365234375,
    "7": 0.937060534954071
  },
  "6": {
    "0": 1.0,
    "1": 0.9997150301933289,
    "2": 1.0,
    "3": 0.9996787309646606,
    "4": 1.0,
    "5": 0.9993896484375,
    "6": 1.0,
    "7": 1.0
  },
  "7": {
    "0": 0.9973405599594116,
    "1": 0.9988014101982117,
    "2": 0.9999523162841797,
    "3": 0.9980957508087158,
    "4": 1.0,
    "5": 1.0,
    "6": 1.0,
    "7": 0.9944152235984802
  },
  "8": {
    "0": 1.0,
    "1": 1.0,
    "2": 0.9998390078544617,
    "3": 0.999981701374054,
    "4": 0.9998562932014465,
    "5": 1.0,
    "6": 0.9994903802871704,
    "7": 1.0
  },
  "9": {
    "0": 1.0,
    "1": 0.9998359680175781,
    "2": 0.992779552936554,
    "3": 0.9992706179618835,
    "4": 0.9998275637626648,
    "5": 0.9996795654296875,
    "6": 0.9876953363418579,
    "7": 1.0
  },
  "10": {
    "0": 1.0,
    "1": 0.9983577132225037,
    "2": 0.9962418079376221,
    "3": 0.9995212554931641,
    "4": 0.9970550537109375,
    "5": 0.9964966177940369,
    "6": 0.994171142578125,
    "7": 0.99966961145401
  },
  "11": {
    "0": 1.0,
    "1": 1.0,
    "2": 0.9970947504043579,
    "3": 0.9999378323554993,
    "4": 0.998999834060669,
    "5": 1.0,
    "6": 0.996777355670929,
    "7": 0.9996627569198608
  },
  "12": {
    "0": 1.0,
    "1": 0.9999458193778992,
    "2": 1.0,
    "3": 1.0,
    "4": 1.0,
    "5": 1.0,
    "6": 0.9998306035995483,
    "7": 1.0
  },
  "13": {
    "0": 0.9998113512992859,
    "1": 1.0,
    "2": 1.0,
    "3": 0.9995757937431335,
    "4": 1.0,
    "5": 0.998669445514679,
    "6": 0.9998435974121094,
    "7": 0.9996246099472046
  },
  "14": {
    "0": 1.0,
    "1": 1.0,
    "2": 1.0,
    "3": 0.9997817873954773,
    "4": 1.0,
    "5": 0.9999591708183289,
    "6": 1.0,
    "7": 1.0
  },
  "15": {
    "0": 0.9962494373321533,
    "1": 1.0,
    "2": 1.0,
    "3": 0.9999772310256958,
    "4": 0.9961944818496704,
    "5": 0.999856173992157,
    "6": 0.9985901117324829,
    "7": 0.9993025064468384
  },
  "16": {
    "0": 0.9976669549942017,
    "1": 1.0,
    "2": 0.9989696145057678,
    "3": 0.9998670816421509,
    "4": 1.0,
    "5": 1.0,
    "6": 0.9947330355644226,
    "7": 1.0
  },
  "17": {
    "0": 0.9996398687362671,
    "1": 0.9993683099746704,
    "2": 0.9999655485153198,
    "3": 0.9999886155128479,
    "4": 1.0,
    "5": 1.0,
    "6": 1.0,
    "7": 1.0
  },
  "18": {
    "0": 0.9995819330215454,
    "1": 0.9991672039031982,
    "2": 1.0,
    "3": 0.999626874923706,
    "4": 1.0,
    "5": 1.0,
    "6": 0.9992278814315796,
    "7": 0.9993926882743835
  },
  "19": {
    "0": 0.9991627335548401,
    "1": 0.9999894499778748,
    "2": 1.0,
    "3": 0.9994270205497742,
    "4": 0.9984291195869446,
    "5": 1.0,
    "6": 0.9994438290596008,
    "7": 0.9999000430107117
  },
  "20": {
    "0": 1.0,
    "1": 0.9999061822891235,
    "2": 1.0,
    "3": 1.0,
    "4": 0.9999687075614929,
    "5": 1.0,
    "6": 1.0,
    "7": 1.0
  },
  "21": {
    "0": 1.0,
    "1": 0.999955415725708,
    "2": 1.0,
    "3": 0.9988464117050171,
    "4": 1.0,
    "5": 0.9990295171737671,
    "6": 1.0,
    "7": 0.9999328851699829
  },
  "22": {
    "0": 1.0,
    "1": 0.9981527328491211,
    "2": 1.0,
    "3": 0.999768078327179,
    "4": 0.9998399615287781,
    "5": 1.0,
    "6": 1.0,
    "7": 0.9992950558662415
  },
  "23": {
    "0": 1.0,
    "1": 0.999768078327179,
    "2": 1.0,
    "3": 0.9985777139663696,
    "4": 1.0,
    "5": 1.0,
    "6": 1.0,
    "7": 1.0
  },
  "24": {
    "0": 0.999626874923706,
    "1": 1.0,
    "2": 0.9999850392341614,
    "3": 0.9993652105331421,
    "4": 1.0,
    "5": 0.9982444643974304,
    "6": 1.0,
    "7": 1.0
  },
  "25": {
    "0": 1.0,
    "1": 1.0,
    "2": 1.0,
    "3": 1.0,
    "4": 1.0,
    "5": 1.0,
    "6": 1.0,
    "7": 0.9973438382148743
  },
  "26": {
    "0": 0.9990257024765015,
    "1": 0.998278796672821,
    "2": 1.0,
    "3": 1.0,
    "4": 1.0,
    "5": 1.0,
    "6": 0.998522937297821,
    "7": 1.0
  },
  "27": {
    "0": 0.9999450445175171,
    "1": 1.0,
    "2": 0.9993748068809509,
    "3": 1.0,
    "4": 1.0,
    "5": 0.9992950558662415,
    "6": 1.0,
    "7": 1.0
  },
  "__meta__": {
    "n_moe_layers": 28,
    "n_experts": 8,
    "label": "legal"
  }
}