{
  "0": {
    "0": 0.993579089641571,
    "1": 0.99212646484375,
    "2": 1.0,
    "3": 1.0,
    "4": 1.0,
    "5": 0.987921416759491,
    "6": 0.994873046875,
    "7": 0.9992097616195679
  },
  "1": {
    "0": 1.0,
    "1": 1.0,
    "2": 1.0,
    "3": 1.0,
    "4": 1.0,
    "5": 0.45058590173721313,
    "6": 1.0,
    "7": 0.8107696175575256
  },
  "2": {
    "0": 0.9350904822349548,
    "1": 1.0,
    "2": 1.0,
    "3": 1.0,
    "4": 1.0,
    "5": 0.2015378475189209,
    "6": 1.0,
    "7": 1.0
  },
  "3": {
    "0": 1.0,
    "1": 1.0,
    "2": 1.0,
    "3": 1.0,
    "4": 1.0,
    "5": 1.0,
    "6": 1.0,
    "7": 1.0
  },
  "4": {
    "0": 1.0,
    "1": 1.0,
    "2": 0.9992431402206421,
    "3": 1.0,
    "4": 0.9633854627609253,
    "5": 1.0,
    "6": 0.7528807520866394,
    "7": 1.0
  },
  "5": {
    "0": 0.9999863505363464,
    "1": 0.9709930419921875,
    "2": 1.0,
    "3": 0.8405517935752869,
    "4": 1.0,
    "5": 1.0,
    "6": 1.0,
    "7": 1.0
  },
  "6": {
    "0": 1.0,
    "1": 1.0,
    "2": 0.996288537979126,
    "3": 0.9265106916427612,
    "4": 1.0,
    "5": 0.9996109008789062,
    "6": 0.9605468511581421,
    "7": 1.0
  },
  "7": {
    "0": 1.0,
    "1": 1.0,
    "2": 1.0,
    "3": 0.9938926696777344,
    "4": 0.999591052532196,
    "5": 1.0,
    "6": 1.0,
    "7": 0.9082152247428894
  },
  "8": {
    "0": 1.0,
    "1": 1.0,
    "2": 0.9980772733688354,
    "3": 0.9997894167900085,
    "4": 1.0,
    "5": 1.0,
    "6": 0.9612885117530823,
    "7": 0.9810546636581421
  },
  "9": {
    "0": 1.0,
    "1": 0.9639129638671875,
    "2": 0.9906852841377258,
    "3": 1.0,
    "4": 1.0,
    "5": 1.0,
    "6": 1.0,
    "7": 1.0
  },
  "10": {
    "0": 0.975006103515625,
    "1": 1.0,
    "2": 1.0,
    "3": 1.0,
    "4": 0.9875854849815369,
    "5": 1.0,
    "6": 1.0,
    "7": 1.0
  },
  "11": {
    "0": 1.0,
    "1": 1.0,
    "2": 1.0,
    "3": 0.9523559212684631,
    "4": 1.0,
    "5": 1.0,
    "6": 0.9970664381980896,
    "7": 1.0
  },
  "12": {
    "0": 0.961596667766571,
    "1": 0.9908996224403381,
    "2": 1.0,
    "3": 1.0,
    "4": 1.0,
    "5": 1.0,
    "6": 1.0,
    "7": 1.0
  },
  "13": {
    "0": 1.0,
    "1": 1.0,
    "2": 1.0,
    "3": 1.0,
    "4": 1.0,
    "5": 0.988204836845398,
    "6": 1.0,
    "7": 0.9853653311729431
  },
  "14": {
    "0": 0.9999668002128601,
    "1": 0.9839170575141907,
    "2": 1.0,
    "3": 1.0,
    "4": 1.0,
    "5": 1.0,
    "6": 0.9993133544921875,
    "7": 0.9970508813858032
  },
  "15": {
    "0": 0.98796546459198,
    "1": 1.0,
    "2": 0.9999819993972778,
    "3": 1.0,
    "4": 0.9842361211776733,
    "5": 1.0,
    "6": 1.0,
    "7": 1.0
  },
  "16": {
    "0": 0.9951950311660767,
    "1": 1.0,
    "2": 1.0,
    "3": 1.0,
    "4": 1.0,
    "5": 1.0,
    "6": 0.9889564514160156,
    "7": 0.9998642206192017
  },
  "17": {
    "0": 0.9978064298629761,
    "1": 1.0,
    "2": 1.0,
    "3": 1.0,
    "4": 0.9933186173439026,
    "5": 1.0,
    "6": 1.0,
    "7": 1.0
  },
  "18": {
    "0": 0.9952170848846436,
    "1": 1.0,
    "2": 0.9863895177841187,
    "3": 0.99822998046875,
    "4": 1.0,
    "5": 1.0,
    "6": 1.0,
    "7": 1.0
  },
  "19": {
    "0": 1.0,
    "1": 1.0,
    "2": 1.0,
    "3": 1.0,
    "4": 0.9927031993865967,
    "5": 0.9962937235832214,
    "6": 1.0,
    "7": 1.0
  },
  "20": {
    "0": 0.9945572018623352,
    "1": 1.0,
    "2": 0.9999500513076782,
    "3": 1.0,
    "4": 1.0,
    "5": 1.0,
    "6": 1.0,
    "7": 0.9990692138671875
  },
  "21": {
    "0": 1.0,
    "1": 0.9902423620223999,
    "2": 1.0,
    "3": 1.0,
    "4": 1.0,
    "5": 0.9842033982276917,
    "6": 0.98095703125,
    "7": 1.0
  },
  "22": {
    "0": 1.0,
    "1": 1.0,
    "2": 0.9826010465621948,
    "3": 1.0,
    "4": 1.0,
    "5": 1.0,
    "6": 1.0,
    "7": 0.9813840985298157
  },
  "23": {
    "0": 1.0,
    "1": 1.0,
    "2": 1.0,
    "3": 0.9737839698791504,
    "4": 1.0,
    "5": 0.9978801608085632,
    "6": 1.0,
    "7": 1.0
  },
  "24": {
    "0": 0.9794609546661377,
    "1": 1.0,
    "2": 0.9865711331367493,
    "3": 1.0,
    "4": 1.0,
    "5": 0.9883788824081421,
    "6": 1.0,
    "7": 1.0
  },
  "25": {
    "0": 1.0,
    "1": 0.9999945163726807,
    "2": 1.0,
    "3": 0.991748034954071,
    "4": 1.0,
    "5": 0.9643798470497131,
    "6": 1.0,
    "7": 0.9990302324295044
  },
  "26": {
    "0": 1.0,
    "1": 0.9912485480308533,
    "2": 1.0,
    "3": 1.0,
    "4": 1.0,
    "5": 1.0,
    "6": 1.0,
    "7": 1.0
  },
  "27": {
    "0": 1.0,
    "1": 0.704943835735321,
    "2": 1.0,
    "3": 1.0,
    "4": 1.0,
    "5": 1.0,
    "6": 0.98486328125,
    "7": 1.0
  },
  "__meta__": {
    "n_moe_layers": 28,
    "n_experts": 8,
    "label": "medical_16"
  }
}