{
  "0": {
    "0": 0.9999328851699829,
    "1": 0.99212646484375,
    "2": 0.9986633062362671,
    "3": 0.9974365234375,
    "4": 1.0,
    "5": 0.999371349811554,
    "6": 1.0,
    "7": 0.993151843547821
  },
  "1": {
    "0": 1.0,
    "1": 1.0,
    "2": 0.968554675579071,
    "3": 1.0,
    "4": 1.0,
    "5": 0.17548814415931702,
    "6": 1.0,
    "7": 0.625073254108429
  },
  "2": {
    "0": 0.8140759468078613,
    "1": 1.0,
    "2": 1.0,
    "3": 1.0,
    "4": 1.0,
    "5": 0.5948958992958069,
    "6": 1.0,
    "7": 1.0
  },
  "3": {
    "0": 1.0,
    "1": 1.0,
    "2": 1.0,
    "3": 1.0,
    "4": 1.0,
    "5": 1.0,
    "6": 1.0,
    "7": 1.0
  },
  "4": {
    "0": 1.0,
    "1": 1.0,
    "2": 0.9953414797782898,
    "3": 1.0,
    "4": 0.8923510909080505,
    "5": 1.0,
    "6": 0.5147461295127869,
    "7": 1.0
  },
  "5": {
    "0": 0.9985525608062744,
    "1": 0.9542220830917358,
    "2": 1.0,
    "3": 0.4757629632949829,
    "4": 1.0,
    "5": 1.0,
    "6": 1.0,
    "7": 1.0
  },
  "6": {
    "0": 1.0,
    "1": 1.0,
    "2": 0.9965408444404602,
    "3": 0.8871775269508362,
    "4": 1.0,
    "5": 0.9995109438896179,
    "6": 0.992480456829071,
    "7": 1.0
  },
  "7": {
    "0": 1.0,
    "1": 1.0,
    "2": 1.0,
    "3": 0.990805983543396,
    "4": 0.9677398204803467,
    "5": 1.0,
    "6": 1.0,
    "7": 0.7012754678726196
  },
  "8": {
    "0": 1.0,
    "1": 0.9989684820175171,
    "2": 0.9970461130142212,
    "3": 0.9995964169502258,
    "4": 1.0,
    "5": 1.0,
    "6": 0.9386745095252991,
    "7": 0.946459949016571
  },
  "9": {
    "0": 1.0,
    "1": 0.9350841641426086,
    "2": 0.9847625494003296,
    "3": 1.0,
    "4": 1.0,
    "5": 1.0,
    "6": 1.0,
    "7": 1.0
  },
  "10": {
    "0": 0.967456042766571,
    "1": 1.0,
    "2": 1.0,
    "3": 1.0,
    "4": 0.984118640422821,
    "5": 1.0,
    "6": 1.0,
    "7": 1.0
  },
  "11": {
    "0": 1.0,
    "1": 1.0,
    "2": 1.0,
    "3": 0.9304214119911194,
    "4": 1.0,
    "5": 1.0,
    "6": 0.9969824552536011,
    "7": 1.0
  },
  "12": {
    "0": 0.94244384765625,
    "1": 0.9897826313972473,
    "2": 1.0,
    "3": 1.0,
    "4": 1.0,
    "5": 1.0,
    "6": 0.9999890327453613,
    "7": 1.0
  },
  "13": {
    "0": 1.0,
    "1": 1.0,
    "2": 1.0,
    "3": 1.0,
    "4": 1.0,
    "5": 0.9808775782585144,
    "6": 1.0,
    "7": 0.9762558341026306
  },
  "14": {
    "0": 0.9999668002128601,
    "1": 0.9764608144760132,
    "2": 1.0,
    "3": 1.0,
    "4": 0.9995483160018921,
    "5": 1.0,
    "6": 0.9920409917831421,
    "7": 0.9959246516227722
  },
  "15": {
    "0": 0.9821206331253052,
    "1": 1.0,
    "2": 0.9999758005142212,
    "3": 1.0,
    "4": 0.9778891205787659,
    "5": 1.0,
    "6": 1.0,
    "7": 1.0
  },
  "16": {
    "0": 0.9941695332527161,
    "1": 1.0,
    "2": 1.0,
    "3": 1.0,
    "4": 1.0,
    "5": 1.0,
    "6": 0.9652413129806519,
    "7": 0.9979691505432129
  },
  "17": {
    "0": 0.9903775453567505,
    "1": 0.999966025352478,
    "2": 1.0,
    "3": 1.0,
    "4": 0.9898792505264282,
    "5": 1.0,
    "6": 0.998303234577179,
    "7": 1.0
  },
  "18": {
    "0": 0.9900634288787842,
    "1": 1.0,
    "2": 0.9894935488700867,
    "3": 0.9987853765487671,
    "4": 1.0,
    "5": 1.0,
    "6": 1.0,
    "7": 1.0
  },
  "19": {
    "0": 1.0,
    "1": 1.0,
    "2": 1.0,
    "3": 1.0,
    "4": 0.993606686592102,
    "5": 0.9959232211112976,
    "6": 1.0,
    "7": 1.0
  },
  "20": {
    "0": 0.989341676235199,
    "1": 1.0,
    "2": 0.9998844265937805,
    "3": 1.0,
    "4": 1.0,
    "5": 1.0,
    "6": 1.0,
    "7": 0.9989261031150818
  },
  "21": {
    "0": 1.0,
    "1": 0.9884158968925476,
    "2": 1.0,
    "3": 1.0,
    "4": 1.0,
    "5": 0.96268230676651,
    "6": 0.9487903714179993,
    "7": 1.0
  },
  "22": {
    "0": 1.0,
    "1": 1.0,
    "2": 0.9848129749298096,
    "3": 1.0,
    "4": 1.0,
    "5": 1.0,
    "6": 1.0,
    "7": 0.9746831655502319
  },
  "23": {
    "0": 1.0,
    "1": 1.0,
    "2": 0.9999948143959045,
    "3": 0.9773101806640625,
    "4": 1.0,
    "5": 0.9974983930587769,
    "6": 1.0,
    "7": 1.0
  },
  "24": {
    "0": 0.9529699087142944,
    "1": 1.0,
    "2": 0.9804859757423401,
    "3": 1.0,
    "4": 1.0,
    "5": 0.9383788704872131,
    "6": 1.0,
    "7": 1.0
  },
  "25": {
    "0": 1.0,
    "1": 0.9999958872795105,
    "2": 0.9999998807907104,
    "3": 0.9945068359375,
    "4": 1.0,
    "5": 0.9443951845169067,
    "6": 1.0,
    "7": 0.998519241809845
  },
  "26": {
    "0": 1.0,
    "1": 0.9878087043762207,
    "2": 1.0,
    "3": 1.0,
    "4": 1.0,
    "5": 0.954317033290863,
    "6": 1.0,
    "7": 1.0
  },
  "27": {
    "0": 1.0,
    "1": 0.7450317740440369,
    "2": 1.0,
    "3": 1.0,
    "4": 1.0,
    "5": 1.0,
    "6": 0.993665337562561,
    "7": 0.9999986886978149
  },
  "__meta__": {
    "n_moe_layers": 28,
    "n_experts": 8,
    "label": "medical_32"
  }
}