{
  "0": {
    "0": 0.988818347454071,
    "1": 0.989025890827179,
    "2": 1.0,
    "3": 1.0,
    "4": 1.0,
    "5": 0.9773956537246704,
    "6": 1.0,
    "7": 1.0
  },
  "1": {
    "0": 1.0,
    "1": 1.0,
    "2": 1.0,
    "3": 1.0,
    "4": 1.0,
    "5": 0.7979980111122131,
    "6": 1.0,
    "7": 0.9342406988143921
  },
  "2": {
    "0": 0.9375399351119995,
    "1": 1.0,
    "2": 1.0,
    "3": 1.0,
    "4": 1.0,
    "5": 0.5538816452026367,
    "6": 1.0,
    "7": 1.0
  },
  "3": {
    "0": 0.9999999403953552,
    "1": 0.5093749761581421,
    "2": 1.0,
    "3": 1.0,
    "4": 1.0,
    "5": 1.0,
    "6": 1.0,
    "7": 1.0
  },
  "4": {
    "0": 1.0,
    "1": 1.0,
    "2": 0.9992431402206421,
    "3": 1.0,
    "4": 0.9639001488685608,
    "5": 1.0,
    "6": 1.0,
    "7": 1.0
  },
  "5": {
    "0": 0.9999863505363464,
    "1": 0.9943115711212158,
    "2": 1.0,
    "3": 0.9767578840255737,
    "4": 1.0,
    "5": 1.0,
    "6": 1.0,
    "7": 1.0
  },
  "6": {
    "0": 1.0,
    "1": 1.0,
    "2": 0.9991775155067444,
    "3": 0.9866943955421448,
    "4": 1.0,
    "5": 0.9996109008789062,
    "6": 0.9605468511581421,
    "7": 1.0
  },
  "7": {
    "0": 1.0,
    "1": 1.0,
    "2": 1.0,
    "3": 0.9983810782432556,
    "4": 0.999591052532196,
    "5": 1.0,
    "6": 1.0,
    "7": 0.9328124523162842
  },
  "8": {
    "0": 1.0,
    "1": 1.0,
    "2": 0.9995153546333313,
    "3": 0.9997894167900085,
    "4": 1.0,
    "5": 1.0,
    "6": 0.9907196164131165,
    "7": 0.9810546636581421
  },
  "9": {
    "0": 1.0,
    "1": 0.9997192621231079,
    "2": 0.9997406005859375,
    "3": 1.0,
    "4": 1.0,
    "5": 1.0,
    "6": 1.0,
    "7": 1.0
  },
  "10": {
    "0": 0.9966064095497131,
    "1": 1.0,
    "2": 1.0,
    "3": 1.0,
    "4": 0.9981323480606079,
    "5": 1.0,
    "6": 1.0,
    "7": 1.0
  },
  "11": {
    "0": 1.0,
    "1": 1.0,
    "2": 1.0,
    "3": 0.9930297136306763,
    "4": 1.0,
    "5": 1.0,
    "6": 0.9995841979980469,
    "7": 1.0
  },
  "12": {
    "0": 0.9931274652481079,
    "1": 0.9984649419784546,
    "2": 1.0,
    "3": 1.0,
    "4": 1.0,
    "5": 1.0,
    "6": 1.0,
    "7": 1.0
  },
  "13": {
    "0": 1.0,
    "1": 1.0,
    "2": 1.0,
    "3": 1.0,
    "4": 1.0,
    "5": 0.9980438351631165,
    "6": 1.0,
    "7": 0.9976577758789062
  },
  "14": {
    "0": 0.9999668002128601,
    "1": 0.9968749284744263,
    "2": 1.0,
    "3": 1.0,
    "4": 1.0,
    "5": 1.0,
    "6": 0.9993133544921875,
    "7": 0.9993137717247009
  },
  "15": {
    "0": 0.9929031729698181,
    "1": 1.0,
    "2": 0.9999819993972778,
    "3": 1.0,
    "4": 0.9962692260742188,
    "5": 1.0,
    "6": 1.0,
    "7": 1.0
  },
  "16": {
    "0": 0.9984009265899658,
    "1": 1.0,
    "2": 1.0,
    "3": 1.0,
    "4": 1.0,
    "5": 1.0,
    "6": 0.9946784973144531,
    "7": 0.9998642206192017
  },
  "17": {
    "0": 0.9993945956230164,
    "1": 1.0,
    "2": 1.0,
    "3": 1.0,
    "4": 0.9981017708778381,
    "5": 1.0,
    "6": 1.0,
    "7": 1.0
  },
  "18": {
    "0": 0.9987035989761353,
    "1": 1.0,
    "2": 0.9877550005912781,
    "3": 0.99822998046875,
    "4": 1.0,
    "5": 1.0,
    "6": 1.0,
    "7": 1.0
  },
  "19": {
    "0": 1.0,
    "1": 1.0,
    "2": 1.0,
    "3": 1.0,
    "4": 0.9941161870956421,
    "5": 0.9994858503341675,
    "6": 1.0,
    "7": 1.0
  },
  "20": {
    "0": 1.0,
    "1": 1.0,
    "2": 1.0,
    "3": 1.0,
    "4": 1.0,
    "5": 1.0,
    "6": 1.0,
    "7": 1.0
  },
  "21": {
    "0": 1.0,
    "1": 0.9979450106620789,
    "2": 1.0,
    "3": 1.0,
    "4": 1.0,
    "5": 0.9909203052520752,
    "6": 0.98095703125,
    "7": 1.0
  },
  "22": {
    "0": 1.0,
    "1": 1.0,
    "2": 0.9943221807479858,
    "3": 1.0,
    "4": 1.0,
    "5": 1.0,
    "6": 1.0,
    "7": 0.9941162467002869
  },
  "23": {
    "0": 1.0,
    "1": 1.0,
    "2": 1.0,
    "3": 0.9947265982627869,
    "4": 1.0,
    "5": 0.9994590878486633,
    "6": 1.0,
    "7": 1.0
  },
  "24": {
    "0": 0.9991195797920227,
    "1": 1.0,
    "2": 0.9965675473213196,
    "3": 1.0,
    "4": 1.0,
    "5": 0.9883788824081421,
    "6": 1.0,
    "7": 1.0
  },
  "25": {
    "0": 1.0,
    "1": 0.9999945163726807,
    "2": 1.0,
    "3": 0.991748034954071,
    "4": 1.0,
    "5": 0.9789062738418579,
    "6": 1.0,
    "7": 0.9994293451309204
  },
  "26": {
    "0": 1.0,
    "1": 0.9912230968475342,
    "2": 1.0,
    "3": 1.0,
    "4": 1.0,
    "5": 0.9575294256210327,
    "6": 1.0,
    "7": 1.0
  },
  "27": {
    "0": 1.0,
    "1": 0.7731078863143921,
    "2": 1.0,
    "3": 1.0,
    "4": 1.0,
    "5": 1.0,
    "6": 0.9892629981040955,
    "7": 1.0
  },
  "__meta__": {
    "n_moe_layers": 28,
    "n_experts": 8,
    "label": "medical_8"
  }
}