{
  "0": {
    "0": 1.0,
    "1": 0.9991088509559631,
    "2": 0.9976165294647217,
    "3": 0.9986511468887329,
    "4": 1.0,
    "5": 1.0,
    "6": 1.0,
    "7": 1.0
  },
  "1": {
    "0": 1.0,
    "1": 1.0,
    "2": 0.9294677376747131,
    "3": 1.0,
    "4": 1.0,
    "5": 0.933154284954071,
    "6": 1.0,
    "7": 1.0
  },
  "2": {
    "0": 1.0,
    "1": 1.0,
    "2": 1.0,
    "3": 1.0,
    "4": 1.0,
    "5": 0.9930053949356079,
    "6": 1.0,
    "7": 1.0
  },
  "3": {
    "0": 0.890625,
    "1": 1.0,
    "2": 1.0,
    "3": 1.0,
    "4": 0.949999988079071,
    "5": 1.0,
    "6": 0.9901137948036194,
    "7": 1.0
  },
  "4": {
    "0": 0.9957793951034546,
    "1": 0.9992316961288452,
    "2": 0.9999275207519531,
    "3": 0.993945300579071,
    "4": 1.0,
    "5": 1.0,
    "6": 1.0,
    "7": 1.0
  },
  "5": {
    "0": 0.9854491949081421,
    "1": 1.0,
    "2": 1.0,
    "3": 1.0,
    "4": 0.9971679449081421,
    "5": 1.0,
    "6": 0.9935547113418579,
    "7": 0.9723144769668579
  },
  "6": {
    "0": 1.0,
    "1": 1.0,
    "2": 1.0,
    "3": 1.0,
    "4": 0.9989379644393921,
    "5": 1.0,
    "6": 1.0,
    "7": 0.9985412359237671
  },
  "7": {
    "0": 0.9968284964561462,
    "1": 1.0,
    "2": 1.0,
    "3": 0.9986511468887329,
    "4": 1.0,
    "5": 1.0,
    "6": 0.9991508722305298,
    "7": 1.0
  },
  "8": {
    "0": 0.997851550579071,
    "1": 1.0,
    "2": 0.9999768137931824,
    "3": 0.995352566242218,
    "4": 1.0,
    "5": 1.0,
    "6": 0.9982805252075195,
    "7": 0.9995757937431335
  },
  "9": {
    "0": 0.9999746084213257,
    "1": 1.0,
    "2": 0.9933960437774658,
    "3": 1.0,
    "4": 0.9995208978652954,
    "5": 0.995648205280304,
    "6": 0.983715832233429,
    "7": 0.999713122844696
  },
  "10": {
    "0": 1.0,
    "1": 1.0,
    "2": 0.998858630657196,
    "3": 1.0,
    "4": 0.999279797077179,
    "5": 0.995513916015625,
    "6": 0.9970794916152954,
    "7": 0.9988372921943665
  },
  "11": {
    "0": 1.0,
    "1": 1.0,
    "2": 0.9994041323661804,
    "3": 1.0,
    "4": 0.9991699457168579,
    "5": 1.0,
    "6": 0.997453510761261,
    "7": 0.9997009038925171
  },
  "12": {
    "0": 1.0,
    "1": 1.0,
    "2": 1.0,
    "3": 0.999682605266571,
    "4": 1.0,
    "5": 1.0,
    "6": 1.0,
    "7": 0.99957275390625
  },
  "13": {
    "0": 1.0,
    "1": 0.999755859375,
    "2": 1.0,
    "3": 1.0,
    "4": 1.0,
    "5": 0.9999035000801086,
    "6": 1.0,
    "7": 1.0
  },
  "14": {
    "0": 1.0,
    "1": 1.0,
    "2": 1.0,
    "3": 1.0,
    "4": 1.0,
    "5": 1.0,
    "6": 0.9996277093887329,
    "7": 1.0
  },
  "15": {
    "0": 0.9993274211883545,
    "1": 1.0,
    "2": 1.0,
    "3": 1.0,
    "4": 1.0,
    "5": 1.0,
    "6": 1.0,
    "7": 1.0
  },
  "16": {
    "0": 0.9970397353172302,
    "1": 1.0,
    "2": 0.9996490478515625,
    "3": 0.9981323480606079,
    "4": 1.0,
    "5": 0.9999521374702454,
    "6": 0.9959045052528381,
    "7": 1.0
  },
  "17": {
    "0": 0.9982528686523438,
    "1": 0.99798583984375,
    "2": 1.0,
    "3": 0.9982665777206421,
    "4": 0.998766303062439,
    "5": 0.9991821050643921,
    "6": 0.9998885989189148,
    "7": 0.9998176693916321
  },
  "18": {
    "0": 1.0,
    "1": 0.9983760714530945,
    "2": 1.0,
    "3": 0.999964714050293,
    "4": 0.9990894794464111,
    "5": 1.0,
    "6": 0.9991771578788757,
    "7": 0.9998062252998352
  },
  "19": {
    "0": 0.9999650716781616,
    "1": 1.0,
    "2": 1.0,
    "3": 1.0,
    "4": 1.0,
    "5": 1.0,
    "6": 0.9999298453330994,
    "7": 0.99951171875
  },
  "20": {
    "0": 0.9997512698173523,
    "1": 1.0,
    "2": 1.0,
    "3": 1.0,
    "4": 1.0,
    "5": 0.9999347925186157,
    "6": 0.9999736547470093,
    "7": 1.0
  },
  "21": {
    "0": 0.998639702796936,
    "1": 0.9999847412109375,
    "2": 0.9955536127090454,
    "3": 0.9977782964706421,
    "4": 0.9996353387832642,
    "5": 0.9958221912384033,
    "6": 0.9999517202377319,
    "7": 1.0
  },
  "22": {
    "0": 1.0,
    "1": 1.0,
    "2": 0.9997192621231079,
    "3": 0.999860405921936,
    "4": 1.0,
    "5": 0.9991821050643921,
    "6": 0.9993346929550171,
    "7": 0.9988862872123718
  },
  "23": {
    "0": 1.0,
    "1": 1.0,
    "2": 0.9996749758720398,
    "3": 0.9958438873291016,
    "4": 0.999066174030304,
    "5": 1.0,
    "6": 1.0,
    "7": 0.9972854256629944
  },
  "24": {
    "0": 1.0,
    "1": 1.0,
    "2": 1.0,
    "3": 0.996874988079071,
    "4": 1.0,
    "5": 0.9968414306640625,
    "6": 0.998217761516571,
    "7": 0.999621570110321
  },
  "25": {
    "0": 1.0,
    "1": 0.9991058111190796,
    "2": 1.0,
    "3": 0.9987625479698181,
    "4": 0.9995898604393005,
    "5": 0.9979492425918579,
    "6": 0.9989654421806335,
    "7": 0.994219958782196
  },
  "26": {
    "0": 0.998400866985321,
    "1": 1.0,
    "2": 0.9855262637138367,
    "3": 1.0,
    "4": 1.0,
    "5": 0.9925384521484375,
    "6": 1.0,
    "7": 0.9999618530273438
  },
  "27": {
    "0": 0.9999454617500305,
    "1": 1.0,
    "2": 1.0,
    "3": 1.0,
    "4": 0.994702160358429,
    "5": 1.0,
    "6": 1.0,
    "7": 0.987841784954071
  },
  "__meta__": {
    "n_moe_layers": 28,
    "n_experts": 8,
    "label": "medical"
  }
}