{
  "n_traces": 1350,
  "n_layers_with_traces": 27,
  "n_experts": 8,
  "mean_accuracy": 0.9972222226637381,
  "per_layer_accuracy": {
    "0": 0.9674999713897705,
    "1": 0.9950000047683716,
    "2": 0.9800000190734863,
    "3": 1.0,
    "4": 0.987500011920929,
    "5": 1.0,
    "6": 1.0,
    "7": 1.0,
    "8": 1.0,
    "9": 1.0,
    "10": 1.0,
    "11": 1.0,
    "12": 1.0,
    "13": 1.0,
    "14": 1.0,
    "15": 1.0,
    "16": 0.9950000047683716,
    "17": 1.0,
    "18": 1.0,
    "19": 1.0,
    "20": 1.0,
    "21": 1.0,
    "22": 1.0,
    "23": 1.0,
    "24": 1.0,
    "25": 1.0,
    "26": 1.0
  }
}